detector,dataset,f1,f1_pa_auc,f1_pa,f1_pa_ts_auc,aucpr,aucroc,time
knn,173_UCR_Anomaly_insectEPG1_3000_7000_7030.txt,0.30769230769197614,0.3617992724559276,0.5084745762711864,0.3339661016949153,0.1488044276412095,0.9889112035575957,1.2559416331350803
knn,017_UCR_Anomaly_DISTORTEDECG4_5000_17000_17100.txt,0.6754966887412744,0.8166666666666667,0.5464480874316939,0.5358275791880001,0.7113235167416782,0.9970168674698795,4.953096494078636
knn,075_UCR_Anomaly_DISTORTEDqtdbSel100MLII_4000_13400_13800.txt,0.06701146840550304,0.10287468351594184,0.23557126030624262,0.01367919655982697,0.020410511158393888,0.5955482421875,25.7796301394701
knn,106_UCR_Anomaly_NOISEgaitHunt2_18500_31200_31850.txt,0.5946445060014266,0.598300137377243,0.6725297465080187,0.49737860401712675,0.2974412171137424,0.985144430151788,94.41003526002169
knn,178_UCR_Anomaly_ltstdbs30791AI_17555_52600_52800.txt,0.8421052631574022,0.8609435392194013,1.0,0.6762172284644196,0.9212694979369521,0.9994762562552127,110.38233762979507
knn,010_UCR_Anomaly_DISTORTEDCIMIS44AirTemperature6_4000_6006_6054.txt,0.37499999999962497,0.5019047619047619,1.0,0.08877551020408163,0.29332507897912885,0.9393586798839458,1.0249422639608383
knn,111_UCR_Anomaly_3sddb40_35000_46600_46900.txt,0.06828302820378801,0.07370313949849736,0.09457755359394703,0.05530087525893855,0.02177668738686111,0.857940119313945,651.37071730569
knn,147_UCR_Anomaly_Lab2Cmac011215EPG3_5000_16390_16420.txt,0.9090909090904131,0.9082517482517481,0.759493670886076,0.759493670886076,0.9780314344828238,0.9999719101123595,15.578113708645105
knn,020_UCR_Anomaly_DISTORTEDGP711MarkerLFM5z2_5000_7175_7388.txt,0.8912133891208448,0.8910971641097164,1.0,0.9264204545454546,0.95713804215082,0.9986130623928237,8.51769383251667
knn,160_UCR_Anomaly_TkeepThirdMARS_3500_4711_4809.txt,0.9514563106791128,0.9512005683163628,1.0,0.1766666666666667,0.9535733324871845,0.9995685433706557,2.334382079541683
knn,183_UCR_Anomaly_qtdbSel100MLII_4000_13400_13800.txt,0.07517695875012892,0.11303113374791333,0.2068252326783868,0.05566146606117831,0.026616793507140066,0.7250820312499999,42.172266110777855
knn,032_UCR_Anomaly_DISTORTEDInternalBleeding4_1000_4675_5033.txt,0.7464387464382466,0.859094955648751,1.0,0.7686507936507937,0.7701030411447064,0.924489191728883,1.1755830980837345
knn,167_UCR_Anomaly_gait1_20000_38500_38800.txt,0.4522207267828295,0.5797035040431266,0.681044267877412,0.5764435062110813,0.2695859934213065,0.9832965697240865,151.40145390480757
knn,200_UCR_Anomaly_tiltAPB4_20000_67995_67996.txt,4.28669410150463e-05,0.0,4.208665642558027e-05,4.2086656425580264e-05,1.0716964955524596e-05,0.5680185185185185,310.12132070958614
knn,137_UCR_Anomaly_InternalBleeding18_2300_4485_4587.txt,0.6417112299460281,0.7754402028454713,0.9760765550239235,0.7699534040091316,0.6847363379154795,0.9807210055461965,2.0066015534102917
knn,231_UCR_Anomaly_mit14134longtermecg_8763_47530_47790.txt,0.08102157639785977,0.126735283652396,0.34120734908136485,0.09825802543912782,0.03173322736179216,0.9022301027703512,93.56111364811659
knn,176_UCR_Anomaly_insectEPG4_1300_6508_6558.txt,0.7378640776694032,0.8335464620630861,0.99009900990099,0.42720337607531234,0.7696456053989592,0.9984065679925994,1.428804125636816
knn,210_UCR_Anomaly_Italianpowerdemand_36123_74900_74996.txt,0.004864084310789868,0.004861557030804235,0.01028167505622791,0.0010253036850074886,0.0016450211762669908,0.6811048395135566,359.91656053066254
knn,094_UCR_Anomaly_NOISEBIDMC1_2500_5400_5600.txt,0.773006134968851,0.9192307692307692,1.0,0.7753521126760564,0.7783500649106305,0.9245126506024096,3.295439939945936
knn,085_UCR_Anomaly_DISTORTEDs20101m_10000_35774_35874.txt,0.8398268398263488,0.8537049424005946,0.5012531328320802,0.5012531328320802,0.9355907240742601,0.999747491638796,119.60997065529227
knn,136_UCR_Anomaly_InternalBleeding17_1600_3198_3309.txt,0.9823008849552524,0.9820747295968535,1.0,0.8588757396449704,0.9991989273773348,0.9999844377111609,1.7360611781477928
knn,182_UCR_Anomaly_qtdbSel1005V_4000_12400_12800.txt,0.05752895752881501,0.08870591185761485,0.1740265390472047,0.04334454689481655,0.01866130278135595,0.673074032467327,48.63883209601045
knn,115_UCR_Anomaly_CIMIS44AirTemperature3_4000_6520_6544.txt,0.5405405405400847,0.6544117647058825,1.0,0.126,0.5070318100686578,0.9857572115384616,1.7812911234796047
knn,112_UCR_Anomaly_BIDMC1_2500_5400_5600.txt,0.7767584097854576,0.9205521472392639,1.0,0.7753521126760564,0.7776849692781698,0.91829578313253,3.0660826042294502
knn,071_UCR_Anomaly_DISTORTEDltstdbs30791AS_23000_52600_52800.txt,0.8456659619445435,0.8455436807969325,0.7707129094412332,0.7707129094412333,0.9185578656963982,0.9994448113207547,358.4138716235757
knn,027_UCR_Anomaly_DISTORTEDInternalBleeding16_1200_4187_4199.txt,0.8571428571423673,0.8550264550264549,0.32,0.31999999999999995,0.9029884467384469,0.9998144909100546,1.794100034981966
knn,105_UCR_Anomaly_NOISEgait3_24500_59900_60500.txt,0.049345206914554095,0.05913941402440562,0.14140938015555032,0.007792994042636181,0.01664559212682264,0.5993515037593986,243.77614939585328
knn,018_UCR_Anomaly_DISTORTEDECG4_8000_17000_17100.txt,0.9049773755651154,0.9047285067873304,0.6269592476489028,0.6269592476489028,0.9766741796316099,0.9998881278538814,41.28509411588311
knn,153_UCR_Anomaly_PowerDemand2_14000_23357_23717.txt,0.7571234735408843,0.8490053949186777,0.914866581956798,0.6090921925737682,0.5570359087826449,0.9843043335545423,6.878810457885265
knn,205_UCR_Anomaly_CHARISfive_9812_28995_29085.txt,0.13425468904228627,0.16353754940711462,0.16853932584269662,0.15935578378030324,0.03725924828470169,0.9198815773862492,4.887900974601507
knn,166_UCR_Anomaly_apneaecg_10000_12240_12308.txt,0.9291338582672191,0.9880952380952381,0.38526912181303113,0.3852691218130312,0.9580743904286873,0.9998448364679815,54.62699746340513
knn,070_UCR_Anomaly_DISTORTEDltstdbs30791AI_17555_52600_52800.txt,0.8407079646012764,0.8644176961250132,1.0,0.6762172284644196,0.9234750639085132,0.9995195214762302,115.02001616731286
knn,068_UCR_Anomaly_DISTORTEDinsectEPG4_1300_6508_6558.txt,0.8799999999995,0.9321898227558605,0.9803921568627451,0.3978784956605592,0.8359173584154266,0.9991813135985199,0.7783334739506245
knn,132_UCR_Anomaly_InternalBleeding10_3200_4526_4556.txt,0.9062499999995018,0.9213675213675214,0.8219178082191781,0.821917808219178,0.9747024232371458,0.9998126902364786,1.6867026053369045
knn,159_UCR_Anomaly_TkeepSecondMARS_3500_9330_9340.txt,0.8999999999995,0.9248120300751881,0.9523809523809523,0.9248120300751881,0.9654059829059829,0.9999492256918,1.3083894066512585
knn,109_UCR_Anomaly_1sddb40_35000_52000_52620.txt,0.6752136752132278,0.8532085561497327,1.0,0.37380952380952387,0.7000513487754333,0.9288646329663909,537.5742863751948
knn,150_UCR_Anomaly_Lab2Cmac011215EPG6_7000_12190_12420.txt,0.9051724137926035,0.9480329507523695,0.9808102345415778,0.5004108919687278,0.8405407193681832,0.9991394267071689,10.19166561216116
knn,179_UCR_Anomaly_ltstdbs30791AS_23000_52600_52800.txt,0.8438818565395966,0.8437596453198454,0.7707129094412332,0.7707129094412333,0.9189969502455803,0.9994455974842767,129.66286469250917
knn,047_UCR_Anomaly_DISTORTEDPowerDemand4_18000_24005_24077.txt,0.780219780219302,0.7862150167557286,0.9171974522292993,0.4792993630573248,0.5857814783638816,0.9982549587280172,8.355390157550573
knn,125_UCR_Anomaly_ECG4_5000_17000_17100.txt,0.9252336448593151,0.9297303199039195,0.5730659025787965,0.5730659025787965,0.9866183438349642,0.9999437751004017,21.6516473852098
knn,067_UCR_Anomaly_DISTORTEDinsectEPG3_5200_7000_7050.txt,0.2561983471071102,0.32276116436940594,0.4444444444444445,0.2828751431844216,0.11060652422543786,0.9591280539174389,1.184033315628767
knn,198_UCR_Anomaly_tiltAPB2_50000_124159_124985.txt,0.5609756097556805,0.5821896304269826,0.7087087087087087,0.3326268496012391,0.29965491793953214,0.989276811574708,308.77984907850623
knn,096_UCR_Anomaly_NOISEECG4_5000_16900_17100.txt,0.9661835748787275,0.9660584155057257,0.89086859688196,0.8908685968819599,0.9959115220066427,0.999966935483871,23.00208980962634
knn,237_UCR_Anomaly_mit14157longtermecg_19313_89560_90370.txt,0.37019653857399965,0.43105834000659476,0.6821052631578948,0.21110765550239236,0.19308613625798593,0.9782383981338155,187.9526094570756
knn,069_UCR_Anomaly_DISTORTEDinsectEPG5_3200_8500_8501.txt,0.05882352941170761,0.0,0.020833333333333332,0.020833333333333332,0.015151515151515152,0.9953127288706606,0.9623158164322376
knn,092_UCR_Anomaly_DISTORTEDtiltAPB4_20000_67995_67996.txt,4.3814489451617844e-05,0.0,4.306539480200685e-05,4.306539480200685e-05,1.0953862331858213e-05,0.5773611111111111,233.6489364169538
knn,248_UCR_Anomaly_weallwalk_2000_4702_4707.txt,0.9999999999995,0.9722222222222223,0.2702702702702703,0.2702702702702703,1.0,1.0,0.6939237676560879
knn,228_UCR_Anomaly_mit14134longtermecg_11361_47830_47850.txt,0.002047816515638153,0.0020427019544496288,0.002043527127822622,0.002043527127822622,0.0005157214802769738,0.5940842940842941,722.8716543875635
knn,040_UCR_Anomaly_DISTORTEDLab2Cmac011215EPG4_6000_17390_17520.txt,0.457256461232221,0.4947684166807673,0.8333333333333333,0.16833333333333333,0.2849418506254257,0.9892325046277252,10.633535590022802
knn,026_UCR_Anomaly_DISTORTEDInternalBleeding15_1700_5684_5854.txt,0.8333333333328335,0.8992946048473704,1.0,0.6849344978165938,0.9409956754482927,0.9980426370513307,1.8030564561486244
knn,062_UCR_Anomaly_DISTORTEDgaitHunt1_18500_33070_33180.txt,0.07452574525738083,0.07449312115960877,0.09053497942386832,0.07395531250863094,0.023287862168734443,0.9522273628552544,98.3973535746336
knn,229_UCR_Anomaly_mit14134longtermecg_16363_57960_57970.txt,0.011135857461013424,0.010969657114851327,0.011422044545973729,0.011251595006934815,0.0030087048724600713,0.9621624791798625,145.7698143273592
knn,031_UCR_Anomaly_DISTORTEDInternalBleeding20_2700_5759_5919.txt,0.8602150537629506,0.8600614439324117,1.0,0.8852941176470588,0.9519193717700807,0.9981546336206897,1.8258263655006886
knn,021_UCR_Anomaly_DISTORTEDGP711MarkerLFM5z3_5000_5948_5993.txt,0.9662921348309608,0.9872877122877123,0.7894736842105263,0.7894736842105263,0.9962222638709588,0.9999744388529436,5.6985501535236835
knn,057_UCR_Anomaly_DISTORTEDapneaecg4_6000_16000_16100.txt,0.006379788828983401,0.006376609008568727,0.02981959147159684,0.0017785098399236675,0.0022925740344003705,0.3916096241723398,11.073153041303158
knn,103_UCR_Anomaly_NOISETkeepThirdMARS_3500_4711_4809.txt,0.9560975609751107,0.9558417025346725,1.0,0.1766666666666667,0.9712720133721973,0.999771036819397,2.7199595272541046
knn,201_UCR_Anomaly_CHARISfive_10000_17001_17016.txt,0.7894736842100485,0.7878378378378378,0.4918032786885246,0.4918032786885246,0.8701724346033809,0.9999319119962552,8.41134850308299
knn,170_UCR_Anomaly_gaitHunt1_18500_33070_33180.txt,0.0897226753669616,0.08968370602137957,0.1096163428001993,0.05228744495354905,0.02699216662869234,0.9580812754110837,66.16675144433975
knn,006_UCR_Anomaly_DISTORTEDCIMIS44AirTemperature2_4000_5703_5727.txt,0.9565217391299358,0.99,1.0,0.126,0.9442271178250087,0.9989683493589744,1.02256965264678
knn,144_UCR_Anomaly_InternalBleeding9_4200_6599_6681.txt,0.1973525872441061,0.19724399402664808,0.20838627700127066,0.021138636840190475,0.058657757795589724,0.8017373976162875,5.560726650059223
knn,058_UCR_Anomaly_DISTORTEDapneaecg_10000_12240_12308.txt,0.7169811320750117,0.8671428571428572,0.38202247191011235,0.38133494604831786,0.8004101286610219,0.9989050626757228,54.629799108952284
knn,139_UCR_Anomaly_InternalBleeding20_2700_5759_5919.txt,0.8839779005519929,0.8838233268545017,1.0,0.8852941176470588,0.9680527803622314,0.9988186961206897,1.4573640264570713
knn,127_UCR_Anomaly_GP711MarkerLFM5z1_5000_6168_6212.txt,0.91666666666617,0.9160964912280702,0.7787610619469026,0.7787610619469025,0.9823955807136803,0.999882377541952,2.836479663848877
lof,173_UCR_Anomaly_insectEPG1_3000_7000_7030.txt,0.3783783783778963,0.49589041095890407,0.5263157894736842,0.43347368421052623,0.2400627154611809,0.9923970735905896,0.9276929087936878
lof,017_UCR_Anomaly_DISTORTEDECG4_5000_17000_17100.txt,0.8864864864859897,0.9695036410366246,0.5617977528089888,0.5603554296384535,0.9025410947183089,0.9988546184738956,5.410178009420633
lof,075_UCR_Anomaly_DISTORTEDqtdbSel100MLII_4000_13400_13800.txt,0.06426400347357132,0.09913525894357407,0.2052334530528476,0.021600121075489774,0.018731343430151738,0.5689349609375,26.144481524825096
lof,106_UCR_Anomaly_NOISEgaitHunt2_18500_31200_31850.txt,0.6484295845993557,0.6548670662819025,0.7719714964370546,0.223585579538022,0.35535424716498343,0.9889368321756281,102.43362360075116
lof,178_UCR_Anomaly_ltstdbs30791AI_17555_52600_52800.txt,0.8009367681493849,0.8653323449468742,1.0,0.6762172284644196,0.891337149152401,0.9991310467055879,119.24649784341455
lof,010_UCR_Anomaly_DISTORTEDCIMIS44AirTemperature6_4000_6006_6054.txt,0.3733333333328726,0.4836969997520456,1.0,0.08877551020408163,0.27496676657901953,0.9733035138620244,1.1451050080358982
lof,111_UCR_Anomaly_3sddb40_35000_46600_46900.txt,0.33578292820774547,0.33841251034186903,0.42016806722689076,0.19386603682340325,0.13108743611068424,0.9795132736763609,590.1080773919821
lof,147_UCR_Anomaly_Lab2Cmac011215EPG3_5000_16390_16420.txt,0.8955223880592069,0.8946856625961103,0.759493670886076,0.759493670886076,0.9693002101633642,0.9999598715890851,9.61784790456295
lof,020_UCR_Anomaly_DISTORTEDGP711MarkerLFM5z2_5000_7175_7388.txt,0.8765432098760508,0.8764273895889017,1.0,0.6680851063829788,0.9376014415020681,0.9979393081637016,6.418154466897249
lof,160_UCR_Anomaly_TkeepThirdMARS_3500_4711_4809.txt,0.7808764940234283,0.7806326693227091,1.0,0.06919191919191918,0.6248625043146059,0.9963167368114562,1.6398643888533115
lof,183_UCR_Anomaly_qtdbSel100MLII_4000_13400_13800.txt,0.08560727661841129,0.10074488634251103,0.20833333333333334,0.06941425120772947,0.031536811489070234,0.76749716796875,27.528920333832502
lof,032_UCR_Anomaly_DISTORTEDInternalBleeding4_1000_4675_5033.txt,0.7403156384500024,0.8584030992659254,1.0,0.7686507936507937,0.7694391736182804,0.9390524622509198,1.1567872166633606
lof,167_UCR_Anomaly_gait1_20000_38500_38800.txt,0.3479052823311147,0.4443549063160128,0.5802707930367504,0.06706427396425407,0.1437986001421997,0.9767322147651005,103.12927873060107
lof,200_UCR_Anomaly_tiltAPB4_20000_67995_67996.txt,4.264756055949334e-05,0.0,4.208665642558027e-05,4.2086656425580264e-05,1.0662117496534812e-05,0.5657962962962964,272.73900135234
lof,137_UCR_Anomaly_InternalBleeding18_2300_4485_4587.txt,0.21303656597747075,0.27326567416161457,0.4434782608695652,0.03796338672768879,0.08533235345852286,0.8967492057631212,2.036371100693941
lof,231_UCR_Anomaly_mit14134longtermecg_8763_47530_47790.txt,0.24729520865485158,0.3790508795639429,0.5399792315680166,0.34375463581071053,0.13612792125519935,0.9787511486052816,49.31317398697138
lof,176_UCR_Anomaly_insectEPG4_1300_6508_6558.txt,0.8799999999995,0.9321898227558605,0.99009900990099,0.42720337607531234,0.8511221180825514,0.9990032377428307,0.8624633140861988
lof,210_UCR_Anomaly_Italianpowerdemand_36123_74900_74996.txt,0.005910784102447698,0.005907714572843504,0.013266998341625208,0.006024706813569058,0.001991149394101164,0.7382700358851675,282.46450370177627
lof,094_UCR_Anomaly_NOISEBIDMC1_2500_5400_5600.txt,0.7381546134658341,0.8460016556291392,1.0,0.7753521126760564,0.7515413321745212,0.9278277108433735,2.981903739273548
lof,085_UCR_Anomaly_DISTORTEDs20101m_10000_35774_35874.txt,0.7860262008728705,0.8284023342876018,0.49627791563275436,0.49552417022705647,0.8460315032721103,0.9990247491638796,92.03533232212067
lof,136_UCR_Anomaly_InternalBleeding17_1600_3198_3309.txt,0.9823008849552524,0.9820747295968535,1.0,0.8588757396449704,0.9991989273773348,0.9999844377111609,1.869162481278181
lof,182_UCR_Anomaly_qtdbSel1005V_4000_12400_12800.txt,0.06068421451863947,0.06067685859476613,0.1285760205721633,0.012284965412169809,0.020321605660528725,0.7236420524666941,40.27528781071305
lof,115_UCR_Anomaly_CIMIS44AirTemperature3_4000_6520_6544.txt,0.42105263157848205,0.5060060060060061,1.0,0.126,0.40342160816723976,0.9889423076923077,1.2361389063298702
lof,112_UCR_Anomaly_BIDMC1_2500_5400_5600.txt,0.7349999999994999,0.8452090491128483,1.0,0.7753521126760564,0.7411941182301095,0.9217753012048192,2.3649446293711662
lof,071_UCR_Anomaly_DISTORTEDltstdbs30791AS_23000_52600_52800.txt,0.8421052631574072,0.8419831223628693,0.7707129094412332,0.7707129094412333,0.923457954786237,0.9994595911949685,295.7534432709217
lof,027_UCR_Anomaly_DISTORTEDInternalBleeding16_1200_4187_4199.txt,0.1666666666665139,0.16602564102564105,0.2891566265060241,0.17053815261044175,0.06501984545443898,0.987690146817194,1.898336697369814
lof,105_UCR_Anomaly_NOISEgait3_24500_59900_60500.txt,0.0573996231336287,0.0946530696434861,0.22874571101791843,0.012663355673502933,0.022341473693841655,0.6845088554720133,280.5949389785528
lof,018_UCR_Anomaly_DISTORTEDECG4_8000_17000_17100.txt,0.8928571428566485,0.8926089045483663,0.6269592476489028,0.6269592476489028,0.9698329301989598,0.9998543378995434,69.78562476485968
lof,153_UCR_Anomaly_PowerDemand2_14000_23357_23717.txt,0.6638297872335427,0.7948530316704956,0.923076923076923,0.6267265581134195,0.4990253010084041,0.9706944533641598,13.201224889606237
lof,205_UCR_Anomaly_CHARISfive_9812_28995_29085.txt,0.15668202764958372,0.19032437826419402,0.22004889975550124,0.09316483538064238,0.049644864180186134,0.9671976033695201,9.179765548557043
lof,166_UCR_Anomaly_apneaecg_10000_12240_12308.txt,0.9635036496345365,0.9772905205247566,0.38526912181303113,0.3852691218130312,0.9964566239599747,0.9999912073998523,97.26110361889005
lof,070_UCR_Anomaly_DISTORTEDltstdbs30791AI_17555_52600_52800.txt,0.8240534521153189,0.8600369458128079,1.0,0.6762172284644196,0.8925994290287457,0.9992534143035863,249.3444166406989
lof,068_UCR_Anomaly_DISTORTEDinsectEPG4_1300_6508_6558.txt,0.8823529411759707,0.9250855926714164,0.99009900990099,0.37902332606141975,0.8357254680478299,0.9990009250693802,1.4144751504063606
lof,132_UCR_Anomaly_InternalBleeding10_3200_4526_4556.txt,0.9374999999995018,0.936656746031746,0.8219178082191781,0.821917808219178,0.9893705519959431,0.9999219542651995,2.4517857283353806
lof,159_UCR_Anomaly_TkeepSecondMARS_3500_9330_9340.txt,0.9523809523804534,0.9445238095238094,1.0,0.9921052631578947,0.9904545454545455,0.99998730642295,2.4412516430020332
lof,109_UCR_Anomaly_1sddb40_35000_52000_52620.txt,0.46764705882310625,0.5427431238355503,0.5981669078630004,0.2941312792045561,0.200660576501572,0.9403606258101029,815.4116296693683
lof,150_UCR_Anomaly_Lab2Cmac011215EPG6_7000_12190_12420.txt,0.8450704225347141,0.8873982186310599,0.9725158562367865,0.41150237843551807,0.7761906246331833,0.9985503403674008,18.858161192387342
lof,179_UCR_Anomaly_ltstdbs30791AS_23000_52600_52800.txt,0.834061135370687,0.8552799891293653,0.7604562737642586,0.7596203579565852,0.9251109027903455,0.99940393081761,289.877256590873
lof,047_UCR_Anomaly_DISTORTEDPowerDemand4_18000_24005_24077.txt,0.8068181818176983,0.8128813559322032,0.9473684210526316,0.5487232933819699,0.6688641986193744,0.9987503630622782,17.633744530379772
lof,125_UCR_Anomaly_ECG4_5000_17000_17100.txt,0.9292929292924292,0.9685229904883939,0.975609756097561,0.9732578397212543,0.9884243017963534,0.999950200803213,37.730569399893284
lof,067_UCR_Anomaly_DISTORTEDinsectEPG3_5200_7000_7050.txt,0.2499999999996442,0.3389627323148779,0.5102040816326531,0.03843537414965987,0.10399644061716196,0.9514869418702612,2.214235335588455
lof,198_UCR_Anomaly_tiltAPB2_50000_124159_124985.txt,0.5701577031940557,0.6267630304436675,0.9874476987447699,0.1452244028744582,0.3843251418759652,0.9902986001735403,530.407040335238
lof,096_UCR_Anomaly_NOISEECG4_5000_16900_17100.txt,0.9803921568622452,0.9802668979139567,0.89086859688196,0.8908685968819599,0.998724372972757,0.9999897177419355,37.183274015784264
lof,237_UCR_Anomaly_mit14157longtermecg_19313_89560_90370.txt,0.2240735420852505,0.3098349303302719,0.9540636042402826,0.06466746592629985,0.11749860822117944,0.9213568828963116,445.4292381182313
lof,069_UCR_Anomaly_DISTORTEDinsectEPG5_3200_8500_8501.txt,0.05714285714280163,0.0,0.020833333333333332,0.020833333333333332,0.014705882352941176,0.9951662516478688,1.995052170008421
lof,092_UCR_Anomaly_DISTORTEDtiltAPB4_20000_67995_67996.txt,4.264392324089552e-05,0.0,4.208665642558027e-05,4.2086656425580264e-05,1.0661208128105077e-05,0.5657592592592593,418.0498800203204
lof,248_UCR_Anomaly_weallwalk_2000_4702_4707.txt,0.10714285714269452,0.10761755485893415,0.1,0.0952020202020202,0.030996812042842395,0.9871479695036565,1.377592608332634
lof,228_UCR_Anomaly_mit14134longtermecg_11361_47830_47850.txt,0.0020454080589057087,0.002040299507151319,0.002043527127822622,0.002043527127822622,0.0005127482324869545,0.5909111909111909,877.2385718598962
lof,040_UCR_Anomaly_DISTORTEDLab2Cmac011215EPG4_6000_17390_17520.txt,0.4297994269336299,0.5453397063844316,0.8414239482200647,0.2657007717201892,0.24622668411948442,0.9780803295968736,17.35674710944295
lof,026_UCR_Anomaly_DISTORTEDInternalBleeding15_1700_5684_5854.txt,0.8799999999995003,0.9211361109806316,1.0,0.9368055555555554,0.9706360715284433,0.9990464655588286,2.839268133044243
lof,062_UCR_Anomaly_DISTORTEDgaitHunt1_18500_33070_33180.txt,0.11702127659563451,0.1169711707223172,0.1397712833545108,0.01987865914737276,0.03517744805355305,0.9680984998698151,164.12870744988322
lof,229_UCR_Anomaly_mit14134longtermecg_16363_57960_57970.txt,0.007471049682472945,0.007359360839973801,0.007668711656441718,0.00468251180073846,0.0019093041740654243,0.9390691345860604,296.69609309732914
lof,031_UCR_Anomaly_DISTORTEDInternalBleeding20_2700_5759_5919.txt,0.8443271767805147,0.8441743100054445,1.0,0.8852941176470588,0.9362825056284134,0.9975053879310345,2.9530324675142765
lof,021_UCR_Anomaly_DISTORTEDGP711MarkerLFM5z3_5000_5948_5993.txt,0.9677419354833714,0.9671809256661993,0.7894736842105263,0.7894736842105263,0.9971084935641242,0.9999808291397076,8.550981361418962
lof,057_UCR_Anomaly_DISTORTEDapneaecg4_6000_16000_16100.txt,0.08200836820068347,0.11645224517450818,0.1683501683501684,0.12037838704505374,0.02584289864632573,0.9306254468587771,20.616399627178907
lof,103_UCR_Anomaly_NOISETkeepThirdMARS_3500_4711_4809.txt,0.8672566371676503,0.8670049164208457,1.0,0.1766666666666667,0.7515682467257889,0.9978149236348236,4.591952104121447
lof,201_UCR_Anomaly_CHARISfive_10000_17001_17016.txt,0.8749999999995018,0.898533724340176,0.4918032786885246,0.4918032786885246,0.9504060735446184,0.9999744669985956,16.69712982699275
lof,170_UCR_Anomaly_gaitHunt1_18500_33070_33180.txt,0.16566265060225768,0.16559353465103824,0.19748653500897667,0.054647514108068763,0.052639276964872056,0.9791353722285645,100.01825971528888
lof,006_UCR_Anomaly_DISTORTEDCIMIS44AirTemperature2_4000_5703_5727.txt,0.47368421052585047,0.5980622131565528,1.0,0.126,0.504980114776963,0.9926883012820512,1.2407331801950932
lof,144_UCR_Anomaly_InternalBleeding9_4200_6599_6681.txt,0.20577164366355444,0.20565894087753703,0.2649434571890146,0.03769570227121544,0.06281948693234031,0.823502223838641,8.146490275859833
lof,058_UCR_Anomaly_DISTORTEDapneaecg_10000_12240_12308.txt,0.9457364341080287,0.990625,0.38526912181303113,0.3852691218130312,0.9643498197467792,0.9998686282095576,94.72314944118261
lof,139_UCR_Anomaly_InternalBleeding20_2700_5759_5919.txt,0.8719346049041403,0.8717804976102203,1.0,0.8852941176470588,0.9580805713848995,0.9984294181034483,1.8477758541703224
lof,127_UCR_Anomaly_GP711MarkerLFM5z1_5000_6168_6212.txt,0.9247311827952003,0.9350138760407031,0.7787610619469026,0.7787610619469025,0.9858526385745461,0.9999052485754613,4.749642085283995
isoforest,173_UCR_Anomaly_insectEPG1_3000_7000_7030.txt,0.20388349514538223,0.24968803176403853,0.32258064516129037,0.23574952561669835,0.07903872342706651,0.9758188686462965,1.678624041378498
isoforest,017_UCR_Anomaly_DISTORTEDECG4_5000_17000_17100.txt,0.017611617487996768,0.02466891424816426,0.047709923664122134,0.005630190010968975,0.006127688953483829,0.6980702811244981,3.688442125916481
isoforest,075_UCR_Anomaly_DISTORTEDqtdbSel100MLII_4000_13400_13800.txt,0.03030303030300046,0.030299299675033607,0.11804633318577541,0.006498021315190949,0.010180463784924845,0.2939869140625,5.430540092289448
isoforest,106_UCR_Anomaly_NOISEgaitHunt2_18500_31200_31850.txt,0.4478935698443284,0.5686565750848857,0.7692307692307693,0.14860646599777036,0.20811410816522824,0.9426497898979506,15.17809034883976
isoforest,178_UCR_Anomaly_ltstdbs30791AI_17555_52600_52800.txt,0.7654320987649595,0.91656346749226,1.0,0.6762172284644196,0.7662846729793705,0.9667574541284404,6.847611349076033
isoforest,010_UCR_Anomaly_DISTORTEDCIMIS44AirTemperature6_4000_6006_6054.txt,0.037512339585299655,0.05536821102622655,0.11552346570397111,0.015433098316964758,0.012029270978822768,0.5262784090909091,1.41637596860528
isoforest,111_UCR_Anomaly_3sddb40_35000_46600_46900.txt,0.06542502387767686,0.07110069173295627,0.09407337723424271,0.040838233721473355,0.02161455984677353,0.8564761372110365,9.644224464893341
isoforest,147_UCR_Anomaly_Lab2Cmac011215EPG3_5000_16390_16420.txt,0.9836065573765493,0.98275956284153,0.759493670886076,0.759493670886076,0.9989068100358423,0.9999986623863029,3.873741015791893
isoforest,020_UCR_Anomaly_DISTORTEDGP711MarkerLFM5z2_5000_7175_7388.txt,0.5088161209063036,0.6543986029251255,0.9638009049773756,0.5228651198613652,0.44112771722334554,0.7775697947816559,1.9112686216831207
isoforest,160_UCR_Anomaly_TkeepThirdMARS_3500_4711_4809.txt,0.3164556962020606,0.44142057517853694,1.0,0.1596153846153846,0.22527283973085635,0.596953333862728,1.256244946271181
isoforest,183_UCR_Anomaly_qtdbSel100MLII_4000_13400_13800.txt,0.03030532616104296,0.030301595254769366,0.06983849847228285,0.00417914799984165,0.009105685921034432,0.22625263671875004,4.403652191162109
isoforest,032_UCR_Anomaly_DISTORTEDInternalBleeding4_1000_4675_5033.txt,0.7454844006563298,0.8891162873399716,1.0,0.7686507936507937,0.7345620206932254,0.9274070923394453,1.2049468755722046
isoforest,167_UCR_Anomaly_gait1_20000_38500_38800.txt,0.17714884695990268,0.24113087916205578,0.41782729805013924,0.18327250424564573,0.0630622151500937,0.9195568978374347,13.39978901669383
isoforest,200_UCR_Anomaly_tiltAPB4_20000_67995_67996.txt,2.638592047280931e-05,0.0,2.607222004953722e-05,2.6072220049537216e-05,6.596567146456984e-06,0.2981851851851852,28.840967942029238
isoforest,137_UCR_Anomaly_InternalBleeding18_2300_4485_4587.txt,0.06470028544237315,0.06466958589112616,0.09850313858039594,0.008777158956389287,0.019794339866183258,0.5375464426649436,1.6606864929199219
isoforest,231_UCR_Anomaly_mit14134longtermecg_8763_47530_47790.txt,0.01038981797837085,0.010387830276393076,0.049084387389088165,0.002821866428277937,0.00338551808902781,0.3081504415107873,7.293965939432383
isoforest,176_UCR_Anomaly_insectEPG4_1300_6508_6558.txt,0.0889830508473573,0.10232919254658385,0.27397260273972607,0.03752308154764461,0.03775209143292844,0.9320444033302496,1.8916736394166946
isoforest,210_UCR_Anomaly_Italianpowerdemand_36123_74900_74996.txt,0.01031093926211315,0.010305596380649894,0.01129943502824859,0.003202809524239063,0.002655299362478729,0.788700408692185,12.732343673706055
isoforest,094_UCR_Anomaly_NOISEBIDMC1_2500_5400_5600.txt,0.6466666666662221,0.7998273815945625,1.0,0.7753521126760564,0.5782312782807523,0.859571686746988,1.5180593505501747
isoforest,085_UCR_Anomaly_DISTORTEDs20101m_10000_35774_35874.txt,0.01343312224139339,0.01707268283856602,0.04007212983370066,0.005106280506790155,0.00438379658952565,0.6340434782608695,4.799373064190149
isoforest,136_UCR_Anomaly_InternalBleeding17_1600_3198_3309.txt,0.08099233856249069,0.08095732017458597,0.08476517754868271,0.026831028115101935,0.0219489508308619,0.579231503052543,1.8452116400003433
isoforest,182_UCR_Anomaly_qtdbSel1005V_4000_12400_12800.txt,0.02917152858806927,0.029167935202123813,0.08775778850372971,0.005259449058214009,0.00942205848491968,0.39221242998639283,4.623386196792126
isoforest,115_UCR_Anomaly_CIMIS44AirTemperature3_4000_6520_6544.txt,0.023138105567572547,0.030027591057251446,0.04316546762589929,0.011149430593014133,0.007963142756750146,0.6661658653846154,0.8924719840288162
isoforest,112_UCR_Anomaly_BIDMC1_2500_5400_5600.txt,0.5578231292512656,0.740988767023427,0.9876543209876543,0.7072987306555383,0.5442111587153565,0.8700180722891566,1.3108843080699444
isoforest,071_UCR_Anomaly_DISTORTEDltstdbs30791AS_23000_52600_52800.txt,0.798798798798319,0.9283132530120483,0.7246376811594203,0.7124738208930218,0.8004251067076249,0.9659103773584905,4.026956081390381
isoforest,027_UCR_Anomaly_DISTORTEDInternalBleeding16_1200_4187_4199.txt,0.04152249134944031,0.041352779260343156,0.05172413793103448,0.0067804673822029395,0.011881045409641107,0.9238882705252557,1.2659905292093754
isoforest,105_UCR_Anomaly_NOISEgait3_24500_59900_60500.txt,0.08553515450043916,0.1414729950900164,0.3390788358293303,0.10137354541401658,0.034358221796134694,0.766017335004177,11.66301179304719
isoforest,018_UCR_Anomaly_DISTORTEDECG4_8000_17000_17100.txt,0.009049773755647098,0.009045269139550755,0.009049773755656108,0.009045269139550755,0.0022764540348776305,0.0004474885844748844,3.1466244645416737
isoforest,153_UCR_Anomaly_PowerDemand2_14000_23357_23717.txt,0.04419618194090577,0.04419017885986226,0.14291385470424772,0.009174306871449843,0.011842072720347417,0.09907752303070523,2.3972003906965256
isoforest,205_UCR_Anomaly_CHARISfive_9812_28995_29085.txt,0.005970545309799008,0.005967238132549032,0.006013229104028863,0.0004916354224343309,0.001498721553993587,0.0008234709616183173,4.328005272895098
isoforest,166_UCR_Anomaly_apneaecg_10000_12240_12308.txt,0.005118362124115175,0.005114608112758075,0.006322640632264063,0.00040473903623009454,0.0013928423424618586,0.16950064237702256,5.0753732062876225
isoforest,070_UCR_Anomaly_DISTORTEDltstdbs30791AI_17555_52600_52800.txt,0.8095238095233276,0.932089552238806,1.0,0.6762172284644196,0.807570734514403,0.9802885216847372,6.776893246918917
isoforest,068_UCR_Anomaly_DISTORTEDinsectEPG4_1300_6508_6558.txt,0.03768506056523205,0.043517964155957135,0.06756756756756757,0.018416276401662622,0.01325402239495464,0.7999444958371879,1.8886567912995815
isoforest,132_UCR_Anomaly_InternalBleeding10_3200_4526_4556.txt,0.04654771140414383,0.04647187862901089,0.07211538461538462,0.008332137389973213,0.014270118911994836,0.7730430031998752,1.487929079681635
isoforest,159_UCR_Anomaly_TkeepSecondMARS_3500_9330_9340.txt,0.08032128514048514,0.07916018914367146,0.07905138339920949,0.07905138339920947,0.024118206801561765,0.9754252348311755,1.524359054863453
isoforest,109_UCR_Anomaly_1sddb40_35000_52000_52620.txt,0.5420168067221977,0.6745981325996826,0.8206485771012575,0.625105813183938,0.31372047022263216,0.8995784362049765,6.664733562618494
isoforest,150_UCR_Anomaly_Lab2Cmac011215EPG6_7000_12190_12420.txt,0.019922907011977332,0.019918618903254446,0.027165889092304968,0.0014720396653432177,0.005054198668858546,0.01378569630735475,2.681266203522682
isoforest,179_UCR_Anomaly_ltstdbs30791AS_23000_52600_52800.txt,0.9041095890406005,0.9851648351648352,0.7299270072992701,0.7192818868402177,0.8636230905267714,0.9660319182389937,6.008195511996746
isoforest,047_UCR_Anomaly_DISTORTEDPowerDemand4_18000_24005_24077.txt,0.03612281757972882,0.0420423774323726,0.0974949221394719,0.012954122435818383,0.012497940026757784,0.7844358714900076,2.4127701334655285
isoforest,125_UCR_Anomaly_ECG4_5000_17000_17100.txt,0.009122422915517282,0.009117882301611563,0.026860059092130004,0.002118618684637797,0.003242556411271665,0.43512008032128513,5.2715925090014935
isoforest,067_UCR_Anomaly_DISTORTEDinsectEPG3_5200_7000_7050.txt,0.10576923076908334,0.13735911234202178,0.2645502645502646,0.07520492774224119,0.04026636822451725,0.879418702611626,1.5511610507965088
isoforest,198_UCR_Anomaly_tiltAPB2_50000_124159_124985.txt,0.059494984434382864,0.06926582656990815,0.1388235294117647,0.015311220523451675,0.022122525757414677,0.7879833547651817,22.212951071560383
isoforest,096_UCR_Anomaly_NOISEECG4_5000_16900_17100.txt,0.02808649952611415,0.03338707700023437,0.2109704641350211,0.01390343786243087,0.0116326794727689,0.6781306451612904,5.112732902169228
isoforest,237_UCR_Anomaly_mit14157longtermecg_19313_89560_90370.txt,0.2022605591904584,0.325386609835662,0.7000864304235092,0.32573931095515957,0.06251176417269592,0.6566783206844603,12.65819650515914
isoforest,069_UCR_Anomaly_DISTORTEDinsectEPG5_3200_8500_8501.txt,0.006756756756750022,0.0,0.006666666666666666,0.0066666666666666645,0.001694915254237288,0.9569356964991944,1.6629962101578712
isoforest,092_UCR_Anomaly_DISTORTEDtiltAPB4_20000_67995_67996.txt,2.338224118779447e-05,0.0,2.3147880232867674e-05,2.3147880232867674e-05,5.845628638903828e-06,0.2080277777777778,22.055358070880175
isoforest,248_UCR_Anomaly_weallwalk_2000_4702_4707.txt,0.5999999999994999,0.5805555555555555,0.1851851851851852,0.18518518518518523,0.38149184149184145,0.9993776256418236,1.0194887407124043
isoforest,228_UCR_Anomaly_mit14134longtermecg_11361_47830_47850.txt,0.002243158366978468,0.0022375564466127176,0.00226295541977823,0.0020255333601506996,0.0005662506134140877,0.6307356307356307,27.635381635278463
isoforest,040_UCR_Anomaly_DISTORTEDLab2Cmac011215EPG4_6000_17390_17520.txt,0.07012987012958947,0.10215078269185224,0.4651162790697675,0.049462710505212504,0.013733615670874399,0.45634962464006584,3.709656685590744
isoforest,026_UCR_Anomaly_DISTORTEDInternalBleeding15_1700_5684_5854.txt,0.7121212121207535,0.8682509505703422,1.0,0.6849344978165938,0.7436866450942947,0.9749032609030351,1.4638700634241104
isoforest,062_UCR_Anomaly_DISTORTEDgaitHunt1_18500_33070_33180.txt,0.014563749503494082,0.014557177387485713,0.019757521329142342,0.001676968459239781,0.0038882927683830974,0.703862685012718,11.328902207314968
isoforest,229_UCR_Anomaly_mit14134longtermecg_16363_57960_57970.txt,0.0015225334957353846,0.0014997111417227728,0.0022219753360737692,0.00032239769918803016,0.0004417895825042429,0.7497337368334623,7.637781705707312
isoforest,031_UCR_Anomaly_DISTORTEDInternalBleeding20_2700_5759_5919.txt,0.30623020063329887,0.32841024468931446,0.6374501992031872,0.08059045867810807,0.14250543763224655,0.907890625,1.5934328995645046
isoforest,021_UCR_Anomaly_DISTORTEDGP711MarkerLFM5z3_5000_5948_5993.txt,0.3562753036434267,0.36223773931287706,0.42056074766355145,0.2531745225518082,0.13605860879964715,0.9810304337407141,2.1219929680228233
isoforest,057_UCR_Anomaly_DISTORTEDapneaecg4_6000_16000_16100.txt,0.0062476571285705555,0.00624454296103614,0.009730939522210871,0.0005794383421025255,0.0016412482568394587,0.09248469022972428,5.012594200670719
isoforest,103_UCR_Anomaly_NOISETkeepThirdMARS_3500_4711_4809.txt,0.37755102040766325,0.5069260700389105,0.9702970297029703,0.06661008958038662,0.16462093168962463,0.6152558299584426,1.8930492922663689
isoforest,201_UCR_Anomaly_CHARISfive_10000_17001_17016.txt,0.6451612903220811,0.7283333333333333,0.4918032786885246,0.4918032786885246,0.7197035919766867,0.9997404144857228,4.86281094327569
isoforest,170_UCR_Anomaly_gaitHunt1_18500_33070_33180.txt,0.018560701931981945,0.01855234283945027,0.03127221037668799,0.004029719546812478,0.0061055586238550055,0.8154365198581986,14.69246468693018
isoforest,006_UCR_Anomaly_DISTORTEDCIMIS44AirTemperature2_4000_5703_5727.txt,0.06017699115036114,0.07440361057382333,0.128686327077748,0.03856640515231376,0.021872449224472935,0.8809695512820513,1.350720014423132
isoforest,144_UCR_Anomaly_InternalBleeding9_4200_6599_6681.txt,0.16803278688509196,0.16793883984867589,0.16924664602683182,0.07538773647914455,0.047605003937700334,0.7495321225346456,2.0591016598045826
isoforest,058_UCR_Anomaly_DISTORTEDapneaecg_10000_12240_12308.txt,0.006044175814402222,0.006039744801465613,0.008163755327450627,0.0019415171489790234,0.00178065398668474,0.35546310107766244,5.312861576676369
isoforest,139_UCR_Anomaly_InternalBleeding20_2700_5759_5919.txt,0.7810650887568978,0.8597866095895962,1.0,0.5905797101449275,0.7902128582489684,0.9846794181034484,1.7447898387908936
isoforest,127_UCR_Anomaly_GP711MarkerLFM5z1_5000_6168_6212.txt,0.03259259259256053,0.0325561456232075,0.044534412955465584,0.0032096487388234606,0.00914066821848806,0.6731108526321292,2.2290063723921776
ocsvm,173_UCR_Anomaly_insectEPG1_3000_7000_7030.txt,0.05940594059392193,0.08524690414309741,0.1485148514851485,0.04911933298593017,0.015779971761323005,0.839205279013054,3.559402871876955
ocsvm,017_UCR_Anomaly_DISTORTEDECG4_5000_17000_17100.txt,0.13445378151233672,0.16010522933568963,0.45454545454545453,0.07172440739775983,0.07961204584220072,0.7664951807228916,16.296736795455217
ocsvm,075_UCR_Anomaly_DISTORTEDqtdbSel100MLII_4000_13400_13800.txt,0.03030303030300046,0.030299299675033607,0.06831184356587823,0.004758466990556479,0.008855049878903863,0.2050931640625,27.83156358078122
ocsvm,106_UCR_Anomaly_NOISEgaitHunt2_18500_31200_31850.txt,0.028239996524280272,0.02823785484333634,0.19250703391085444,0.011491450893447455,0.009243994406624649,0.2968842466340794,381.10731165856123
ocsvm,178_UCR_Anomaly_ltstdbs30791AI_17555_52600_52800.txt,0.7767584097854576,0.9205521472392639,1.0,0.6762172284644196,0.6762825028086019,0.886319198290242,121.36962501332164
ocsvm,010_UCR_Anomaly_DISTORTEDCIMIS44AirTemperature6_4000_6006_6054.txt,0.03350785340304589,0.054482804763816416,0.18972332015810275,0.013625599559103396,0.012263969828941207,0.5405887330754352,3.586472887545824
ocsvm,111_UCR_Anomaly_3sddb40_35000_46600_46900.txt,0.0786269620066637,0.08621518588094489,0.1435063381966037,0.015946796776462654,0.0286967453920954,0.8951169276659209,591.4441441744566
ocsvm,147_UCR_Anomaly_Lab2Cmac011215EPG3_5000_16390_16420.txt,0.9999999999995,0.9991525423728813,0.759493670886076,0.759493670886076,1.0,1.0,15.487422548234463
ocsvm,020_UCR_Anomaly_DISTORTEDGP711MarkerLFM5z2_5000_7175_7388.txt,0.43085106382929617,0.5708372703412072,0.9508928571428571,0.4877232142857143,0.36426645326927726,0.7147404835673833,13.637420687824488
ocsvm,160_UCR_Anomaly_TkeepThirdMARS_3500_4711_4809.txt,0.37563451776599743,0.5046669830722987,0.98,0.10328571428571429,0.1740144562235668,0.48582678207469754,5.408568654209375
ocsvm,183_UCR_Anomaly_qtdbSel100MLII_4000_13400_13800.txt,0.03030303030300046,0.030299299675033607,0.06406662929446624,0.005087784725323362,0.00881166334150607,0.19757392578125002,28.02017056196928
ocsvm,032_UCR_Anomaly_DISTORTEDInternalBleeding4_1000_4675_5033.txt,0.7465437788013484,0.8681871861819643,1.0,0.7686507936507937,0.7453238155757881,0.898015415359334,2.2302551083266735
ocsvm,167_UCR_Anomaly_gait1_20000_38500_38800.txt,0.02840081561312359,0.03807533014129515,0.08717129158797036,0.008965323179186364,0.010442950476169737,0.7094869500372856,378.3553343228996
ocsvm,200_UCR_Anomaly_tiltAPB4_20000_67995_67996.txt,4.323576462445415e-05,0.0,4.306539480200685e-05,4.306539480200685e-05,1.0809174827593662e-05,0.5717037037037037,578.4919673241675
ocsvm,137_UCR_Anomaly_InternalBleeding18_2300_4485_4587.txt,0.04633204633200106,0.04630985564652079,0.07721423164269492,0.007593521012390148,0.012923048994264245,0.29636574127493287,3.5931395888328552
ocsvm,231_UCR_Anomaly_mit14134longtermecg_8763_47530_47790.txt,0.01032811631046879,0.01032614035174896,0.028689655172413796,0.0015408300103838153,0.003157359631604841,0.24456226787399127,61.73487628996372
ocsvm,176_UCR_Anomaly_insectEPG4_1300_6508_6558.txt,0.011431184270679075,0.01141981712300707,0.03717472118959107,0.0025781605199112086,0.0030216158207303626,0.12217853839037929,2.2317225001752377
ocsvm,210_UCR_Anomaly_Italianpowerdemand_36123_74900_74996.txt,0.009512013871677428,0.009507083015597597,0.010761728602656801,0.0007522071265885792,0.00243459882867014,0.7696457585725678,337.4137537777424
ocsvm,094_UCR_Anomaly_NOISEBIDMC1_2500_5400_5600.txt,0.6873239436614799,0.839727430487598,1.0,0.7753521126760564,0.6461498284944139,0.8801939759036144,3.8646207191050053
ocsvm,085_UCR_Anomaly_DISTORTEDs20101m_10000_35774_35874.txt,0.027027027026978234,0.03915417527723608,0.08718395815170008,0.008679343428276226,0.007222760542702378,0.6828528428093645,40.567371156066656
ocsvm,136_UCR_Anomaly_InternalBleeding17_1600_3198_3309.txt,0.06147881473270141,0.061451965408865335,0.08055152394775038,0.005463163654886574,0.018045709408488694,0.5038166513378122,1.7658410146832466
ocsvm,182_UCR_Anomaly_qtdbSel1005V_4000_12400_12800.txt,0.024982044155738372,0.02497896031035076,0.045876820736322974,0.00251684573165183,0.007166528861736386,0.18255142242334105,22.04858611524105
ocsvm,115_UCR_Anomaly_CIMIS44AirTemperature3_4000_6520_6544.txt,0.019459459459433854,0.02399363122657168,0.04328223624887286,0.01906987161950511,0.007174902637353313,0.6337640224358975,3.1155026629567146
ocsvm,112_UCR_Anomaly_BIDMC1_2500_5400_5600.txt,0.696378830083072,0.8415364415724842,1.0,0.7753521126760564,0.6569095452941527,0.8797060240963855,3.257383242249489
ocsvm,071_UCR_Anomaly_DISTORTEDltstdbs30791AS_23000_52600_52800.txt,0.774390243901963,0.9181038230112792,0.6896551724137931,0.6357517772905454,0.6953183846079724,0.9035069182389937,131.98955131694674
ocsvm,027_UCR_Anomaly_DISTORTEDInternalBleeding16_1200_4187_4199.txt,0.059113300492553464,0.05887368485069634,0.07100591715976332,0.009360693411504983,0.01639284628883705,0.9449038002862141,1.5378501489758492
ocsvm,105_UCR_Anomaly_NOISEgait3_24500_59900_60500.txt,0.21316964285669746,0.3287341346035544,0.7599746675110829,0.08530949034766569,0.08008639651463226,0.847561319966583,349.95601734146476
ocsvm,018_UCR_Anomaly_DISTORTEDECG4_8000_17000_17100.txt,0.009049773755647098,0.009045269139550755,0.009049773755656108,0.009045269139550755,0.0022763157581237297,0.0002698630136986291,29.45498552173376
ocsvm,153_UCR_Anomaly_PowerDemand2_14000_23357_23717.txt,0.04419618194090577,0.04419017885986226,0.11131725417439704,0.007430435819612886,0.01162009575640484,0.07914088868908727,20.639369793236256
ocsvm,205_UCR_Anomaly_CHARISfive_9812_28995_29085.txt,0.006417112299458843,0.006413558549086083,0.006759547861354164,0.0009105467982735698,0.0016253611530360906,0.08744290205849202,20.46049901098013
ocsvm,166_UCR_Anomaly_apneaecg_10000_12240_12308.txt,0.008046670689992935,0.008934433528025858,0.013454689354966364,0.0012402939619233656,0.002566995250865743,0.564269252173841,42.05582455545664
ocsvm,070_UCR_Anomaly_DISTORTEDltstdbs30791AI_17555_52600_52800.txt,0.7804878048775727,0.9218654434250765,1.0,0.6762172284644196,0.6806593990649658,0.8942102793994995,66.81463411077857
ocsvm,068_UCR_Anomaly_DISTORTEDinsectEPG4_1300_6508_6558.txt,0.011431184270679075,0.01141981712300707,0.03205128205128205,0.0022212550827008654,0.002955232174385164,0.09064754856614246,1.2926988489925861
ocsvm,132_UCR_Anomaly_InternalBleeding10_3200_4526_4556.txt,0.014130946773419787,0.014107556089650232,0.022018348623853212,0.0018056652056733728,0.0037760346096150405,0.13249043939748692,3.0411120913922787
ocsvm,159_UCR_Anomaly_TkeepSecondMARS_3500_9330_9340.txt,0.8235294117642213,0.8875,0.9090909090909091,0.8488038277511962,0.846884158726264,0.9996064991114496,3.2796562053263187
ocsvm,109_UCR_Anomaly_1sddb40_35000_52000_52620.txt,0.5514018691584791,0.7073099415204679,1.0,0.37380952380952387,0.5502802832908519,0.9232503057852748,425.63118851557374
ocsvm,150_UCR_Anomaly_Lab2Cmac011215EPG6_7000_12190_12420.txt,0.019922907011977332,0.019918618903254446,0.020121604479244125,0.001090032150437993,0.005048066449767897,0.00037869836127938755,12.23557723686099
ocsvm,179_UCR_Anomaly_ltstdbs30791AS_23000_52600_52800.txt,0.7692307692302958,0.9179012345679012,0.6896551724137931,0.6357517772905454,0.6910453587756648,0.8982907232704402,89.86248383671045
ocsvm,047_UCR_Anomaly_DISTORTEDPowerDemand4_18000_24005_24077.txt,0.02622654307028224,0.03078581828089866,0.08396501457725948,0.01111153150509099,0.009940160350960917,0.7248210454319738,25.097593627870083
ocsvm,125_UCR_Anomaly_ECG4_5000_17000_17100.txt,0.22600619195020274,0.2786965686443899,0.3081664098613251,0.23049458393676153,0.08967710118109788,0.9815947791164658,19.93783215805888
ocsvm,067_UCR_Anomaly_DISTORTEDinsectEPG3_5200_7000_7050.txt,0.11869436201766678,0.13862386277729982,0.23364485981308408,0.03157753094876939,0.039344685473156074,0.8825568660488627,3.1512584537267685
ocsvm,198_UCR_Anomaly_tiltAPB2_50000_124159_124985.txt,0.05547420105084016,0.06679632961258496,0.16017064184603452,0.020145928678331676,0.022037077063488106,0.786003369469916,1044.0239083878696
ocsvm,096_UCR_Anomaly_NOISEECG4_5000_16900_17100.txt,0.47490347490300083,0.6021585423337614,0.7220216606498194,0.5576491682278308,0.333459913144815,0.9910397177419354,20.292784925550222
ocsvm,237_UCR_Anomaly_mit14157longtermecg_19313_89560_90370.txt,0.1643031784836292,0.27327953245932257,0.6841216216216216,0.2185273341523342,0.04005105779205971,0.5394036361113641,145.5122495368123
ocsvm,069_UCR_Anomaly_DISTORTEDinsectEPG5_3200_8500_8501.txt,0.039215686274471355,0.0,0.020833333333333332,0.020833333333333332,0.01,0.9928226160831991,2.2005799934267998
ocsvm,092_UCR_Anomaly_DISTORTEDtiltAPB4_20000_67995_67996.txt,3.6300275882060396e-05,0.0,3.5611901497480454e-05,3.561190149748046e-05,9.075233687267447e-06,0.4898703703703704,371.27813831344247
ocsvm,248_UCR_Anomaly_weallwalk_2000_4702_4707.txt,0.9090909090904131,0.8818181818181818,0.2702702702702703,0.2702702702702703,0.9633333333333334,0.9999688812820912,1.3183380141854286
ocsvm,228_UCR_Anomaly_mit14134longtermecg_11361_47830_47850.txt,0.002579480234730125,0.0025730394359458923,0.002537105163009007,0.002537105163009007,0.0006485947644815479,0.6770868770868771,301.630856718868
ocsvm,040_UCR_Anomaly_DISTORTEDLab2Cmac011215EPG4_6000_17390_17520.txt,0.024746906636534876,0.04076872443995414,0.2037617554858934,0.024993282579489472,0.005560701427613136,0.35142495372274785,10.571492165327072
ocsvm,026_UCR_Anomaly_DISTORTEDInternalBleeding15_1700_5684_5854.txt,0.06879805746654627,0.06877851484424341,0.18794914317302377,0.016327548344061523,0.024470446379982164,0.468711958697281,1.9018600955605507
ocsvm,062_UCR_Anomaly_DISTORTEDgaitHunt1_18500_33070_33180.txt,0.004993417767483329,0.004991153647618331,0.005285666234203066,0.00035581869736318606,0.0012563531997360775,0.04355624987482225,257.74303529784083
ocsvm,229_UCR_Anomaly_mit14134longtermecg_16363_57960_57970.txt,0.0017382235355449347,0.0017121705788782954,0.003322811098189068,0.0004822803219643619,0.0005584476173913767,0.8074272174912613,72.99918766319752
ocsvm,031_UCR_Anomaly_DISTORTEDInternalBleeding20_2700_5759_5919.txt,0.21629213483111223,0.2987129474829499,0.5839416058394161,0.08157803267292318,0.08791297730052582,0.8111489762931035,2.4286473467946053
ocsvm,021_UCR_Anomaly_DISTORTEDGP711MarkerLFM5z3_5000_5948_5993.txt,0.9677419354833714,0.9671809256661993,0.7894736842105263,0.7894736842105263,0.9971084935641242,0.9999808291397076,8.235871355980635
ocsvm,057_UCR_Anomaly_DISTORTEDapneaecg4_6000_16000_16100.txt,0.006238303181528403,0.006235193662059876,0.009435297447752043,0.0005618208018595899,0.00161440274307241,0.07281482172277659,13.858625091612339
ocsvm,103_UCR_Anomaly_NOISETkeepThirdMARS_3500_4711_4809.txt,0.37948717948667954,0.5092058634020619,0.98,0.10328571428571429,0.1723031010124933,0.505061012731941,3.189337119460106
ocsvm,201_UCR_Anomaly_CHARISfive_10000_17001_17016.txt,0.416666666666237,0.48366118024889604,0.45454545454545453,0.41020864381520117,0.40309626165771767,0.983388654836376,22.209504555910826
ocsvm,170_UCR_Anomaly_gaitHunt1_18500_33070_33180.txt,0.004930192949819163,0.004927957427204018,0.004963115031470662,0.002156157114254972,0.0012397029742906669,0.026046185583528617,258.48254911601543
ocsvm,006_UCR_Anomaly_DISTORTEDCIMIS44AirTemperature2_4000_5703_5727.txt,0.05769230769221965,0.07418293868898675,0.1162227602905569,0.048091223067563096,0.020808976504723818,0.8740685096153846,2.060999222099781
ocsvm,144_UCR_Anomaly_InternalBleeding9_4200_6599_6681.txt,0.1541353383457224,0.15404851498454508,0.1606268364348678,0.01005261841748807,0.04377814256891877,0.7285098386864578,8.96329952776432
ocsvm,058_UCR_Anomaly_DISTORTEDapneaecg_10000_12240_12308.txt,0.006538775902681112,0.006533983467780194,0.010493827160493829,0.0006720581462043237,0.0019424391088686743,0.42293285970527206,32.88641679286957
ocsvm,139_UCR_Anomaly_InternalBleeding20_2700_5759_5919.txt,0.6440677966097327,0.8010638297872341,1.0,0.5905797101449275,0.562626339769408,0.8687715517241379,2.49905464425683
ocsvm,127_UCR_Anomaly_GP711MarkerLFM5z1_5000_6168_6212.txt,0.32340425531884454,0.3578093414192999,0.43781094527363185,0.3686648723595139,0.14323753750365517,0.9827225678289508,8.387307226657867
